timestamp,author,time_in_seconds,message,time_text,badges,video_offset_time_msec,author_id
1597882420541817,Chris,12647,get athletic,3:30:47,New member,12647877,UCBJx0Lkrd8CGLNGzTnDCVoA
1597882421818692,Chris Carosi,12649,true true 4 v 3,3:30:49,New member,12649154,UCBrSDnwMQHkDCMOcW-yJDFQ
1597882422270431,Mason Williams,12649,GREAT WORK ALEX,3:30:49,New member,12649606,UCc_m5-YuTfC4PtQqVoHeDTA
1597882422509126,Dvin Zargarian,12649,WHAT IS THIIISS,3:30:49,New member,12649845,UCbjsVMS9PZ51J6u1FP6z6dA
1597882423768497,Exalted Reaver,12651,OOOOOH Baby Baby Baby,3:30:51,New member,12651090,UCwcItVm12Xv_wukXxnbQAjA
1597882425709047,Fumbi B,12653,doc serious now,3:30:53,New member,12653031,UCF4mBbJSzMjCpuM5xWhLgTQ
1597882426917723,FateZeroCool,12654,CONTENT,3:30:54,New member,12654118,UCwd9osBrOI9hsK-H-qcpWTQ
1597882427159734,Killpopkulture,12654,lets get twisted Doc,3:30:54,New member,12654360,UC9GgEZH2VZKpVqbNNI-1BfA
1597882427406216,Trenton Bruner,12654,tiger visi9n,3:30:54,New member,12654607,UCIGmk8XwAErHd9gcFYFH2hQ
1597882427810445,Nicholas Bleker,12655,Itâ€™s adorable when randoms he plays with do his yayaya thing,3:30:55,New member,12655011,UCcrsr1qHr1TQsFssucxPSfQ
1597882430552724,kingjappyjoe420,12657,LOOL,3:30:57,New member,12657814,UCli7CSJDZHmmQe4Pdk1ZhIg
1597882430555490,FateZeroCool,12657,CONTENT,3:30:57,New member,12657816,UCwd9osBrOI9hsK-H-qcpWTQ
1597882431394528,Enzo Tuason,12658,Doc Reaper Mode,3:30:58,New member,12658655,UCo2jesv2CZUp1XXJ-eV6qqQ
1597882432232087,Citrine Vibes,12659,Steroids ninja roll,3:30:59,New member,12659493,UCBms_GRveTMQUQ0a0wVau0w
1597882432981405,Mayo,12660,noice,3:31:00,New member,12660276,UCf4AcloR8An12RbHD4MdrXg
1597882435712378,FateZeroCool,12663,LETS GO ALEXXXXXXXXXXXXX,3:31:03,New member,12663029,UCwd9osBrOI9hsK-H-qcpWTQ
1597882435759034,Tenic,12663,I love your audience,3:31:03,New member,12663075,UCDhW82q8VaJB0V4kPaYLqzQ
1597882435893822,MrMercury,12663,snap em up doc,3:31:03,New member,12663210,UC5732-iiJOWzZqiNF3QYtew
1597882441065578,Michael Saindon,12668,love this yame,3:31:08,New member,12668398,UC6eXfPi6M5w0ka-Qq-YGpfg
1597882441291756,Frank Lynch,12668,can only get 480p on mobile guys????,3:31:08,New member,12668624,UCibEHJpFXS7d0m40y_EwWxA
1597882441720636,Nick Graham,12669,Feeling it,3:31:09,New member,12669053,UCId7vdXU6RtzDv0doEkTBPQ
1597882442564991,FateZeroCool,12669,ALEXXXXXXXX,3:31:09,New member,12669897,UCwd9osBrOI9hsK-H-qcpWTQ
1597882442951274,Exalted Reaver,12670,BOOOOOOOM,3:31:10,New member,12670283,UCwcItVm12Xv_wukXxnbQAjA
1597882442990290,Dvin Zargarian,12670,Content machine,3:31:10,New member,12670322,UCbjsVMS9PZ51J6u1FP6z6dA
1597882444574448,Feddy,12671,docWARCRY,3:31:11,New member,12671892,UCExvNRWSgUaYs9lbqXLKDCw
1597882444884953,Dvin Zargarian,12672,Daily,3:31:12,New member,12672203,UCbjsVMS9PZ51J6u1FP6z6dA
1597882445154415,sc0pe,12672,BETTER,3:31:12,New member,12672472,UCCQQG6rDIdQA9_kPfmARNNA
1597882446115960,Dvin Zargarian,12673,Baby,3:31:13,New member,12673434,UCbjsVMS9PZ51J6u1FP6z6dA
1597882448304628,Dvin Zargarian,12675,DACTA,3:31:15,New member,12675629,UCbjsVMS9PZ51J6u1FP6z6dA
1597882448664053,DNC STU,12675,better,3:31:15,New member,12675989,UCJ38dJUgcsWx57JOj1zvSUw
1597882449361771,WesleySnipes,12676,this guys a maniac,3:31:16,New member,12676687,UC2Z9A0gnPJS7gfPAv4tmC6g
1597882449824654,Madzkl,12677,i dont think its like that,3:31:17,New member,12677149,UCaj-NKNN-KhAR1mk2mJ004w
1597882451305476,Silvertrooper,12678,joined the champions club at last a no brainer the doc inspires me so much glad your back,3:31:18,New member,12678564,UC_QvjTezVoNZm7V6UpjrGvA
1597882454694340,Mayo,12682,Doc is too OP lol,3:31:22,New member,12682046,UCf4AcloR8An12RbHD4MdrXg
1597882455093355,Madzkl,12682,just tiny bullets,3:31:22,New member,12682445,UCaj-NKNN-KhAR1mk2mJ004w
1597882455373941,Champions Club Mail Carrier,12682,LFG,3:31:22,New member,12682726,UCIjgqpDV3TLfcjlFDDpKNbg
1597882455453945,Citrine Vibes,12682,Mid air death,3:31:22,New member,12682806,UCBms_GRveTMQUQ0a0wVau0w
1597882458113057,FateZeroCool,12685,YOUR FIRED ALEX,3:31:25,New member,12685275,UCwd9osBrOI9hsK-H-qcpWTQ
1597882458399040,Mason Williams,12685,This game has something going,3:31:25,New member,12685561,UCc_m5-YuTfC4PtQqVoHeDTA
1597882458940053,Steve M,12686,we can go deeper,3:31:26,New member,12686102,UCJ7j1njpoOosAH4yitRpMRQ
1597882459858623,marshallbenn33,12687,lol,3:31:27,New member,12687215,UCwkCMmIbUZ2AL1-K62HfSqg
1597882460719473,Killpopkulture,12688,were on a whole other level baby,3:31:28,New member,12688075,UC9GgEZH2VZKpVqbNNI-1BfA
1597882461863868,PHILMSTOCK,12689,Female characters are much better,3:31:29,New member,12689184,UCrPaTQO2eqJDrwvdrGetfsQ
1597882462361798,Ewan,12689,nononononnono,3:31:29,New member,12689682,UCwBMIgDbKytz52ECUPPG-Zg
1597882462939628,p4ndepravity,12690,is this game mucsic?,3:31:30,New member,12690260,UCe--sbjF6Mm--84-bSjey6w
1597882463302377,Darkreign301,12690,doc smash,3:31:30,New member,12690623,UCpO9QNlA4_JUOumaZYhhf3g
1597882463451121,Cannibal Turk,12690,Doc ULT Doc ULT,3:31:30,New member,12690772,UCyNGFWk3WKinb90FC5VRDIA
1597882463537689,CoolSilver,12690,WTH,3:31:30,New member,12690858,UCkhNm3uyIOucYsHzUfelnWA
1597882463564529,Baron,12690,WAY BETTER,3:31:30,New member,12690885,UCGmsY8ir6RaRfs-c2w8WnaQ
1597882463819590,Eric P,12691,@DrDisRespect I do miss me some of those Apex transitions you have for sure!,3:31:31,New member,12691140,UCDZwo64r93q7iU8wcbwgpgQ
1597882464680351,You know It be true,12692,Danggggg,3:31:32,New member,12692061,UC9qJUkT-BhnJ5UZR-iw4-iQ
1597882465109844,Citrine Vibes,12692,Uninstalled,3:31:32,New member,12692490,UCBms_GRveTMQUQ0a0wVau0w
1597882465701760,OSHY,12693,SIMPLY BETTER,3:31:33,New member,12693082,UCD91GqoV2S5UYt6j1BBAoUw
1597882466840276,Tiberious_Of_Elona,12694,LOL,3:31:34,New member,12694189,UCM8flupBZ8pvphJipwyDBug
1597882467072847,johana,12694,"cmon, doc.",3:31:34,New member,12694421,UCBjKzbnpTxd40rT9Lmqe9xA
1597882467502791,Integritee007,12694,you gotta roll doc roll,3:31:34,New member,12694851,UCUt0yc1oNHTNcE3q_C3_A1A
1597882469762180,FateZeroCool,12697,GET UP AND GET OUT,3:31:37,New member,12697125,UCwd9osBrOI9hsK-H-qcpWTQ
1597882469802636,Mason Williams,12697,The guns hit so nice,3:31:37,New member,12697166,UCc_m5-YuTfC4PtQqVoHeDTA
1597882470233426,ooglaboogla555,12697,LOOOOL THAT AIM,3:31:37,New member,12697596,UCYo2dpv01E_hzla6NtK1Xrg
1597882470739356,Kraytos X,12698,Pew pew,3:31:38,New member,12698102,UCE05qGj0Xkv8ISIV0ZAJH9w
1597882471886126,Exalted Reaver,12699,ALLEEEEEEEEX,3:31:39,New member,12699184,UCwcItVm12Xv_wukXxnbQAjA
1597882473098326,IcyVenom,12700,SPEED,3:31:40,New member,12700396,UCaTMPi2rX39zshnwyKX5Sdw
1597882473990070,Mason Williams,12701,WOAH,3:31:41,New member,12701313,UCc_m5-YuTfC4PtQqVoHeDTA
1597882474618747,Feddy,12701,Hasn't even hit his ultimate form yet,3:31:41,New member,12701941,UCExvNRWSgUaYs9lbqXLKDCw
1597882475028903,JeeFour,12702,??????????,3:31:42,New member,12702351,UCUuiS614yyYtUI3fQ8RDFGA
1597882475373578,Frank Buring,12702,got fortnited,3:31:42,New member,12702696,UCq2KXWAcXjVisIUGhxQu5-w
1597882476493072,nYx,12703,LOL,3:31:43,New member,12703844,UCkn59EWnguWDeMMOp9tyCgQ
1597882476497681,Mason Williams,12703,OWAH WOAH,3:31:43,New member,12703848,UCc_m5-YuTfC4PtQqVoHeDTA
1597882477203509,Bullfrog,12704,â€œItâ€™s outta my hands....itâ€™s outta myyyy handsâ€ ....man that song really got me feelin some type of way ðŸ˜­ Doc nailed it,3:31:44,New member,12704554,UCabui5aQ4lIO5ZzqyXODfmw
1597882477363836,HitmanR15,12704,"Doc run Lancer she is OP, reloads when you dodge roll",3:31:44,New member,12704714,UC2UXVsgbAzIm5IhHFcezxfQ
1597882477587374,ilq,12704,aim,3:31:44,New member,12704938,UCEC6pT8OYN7oxfIjjlrSI0w
1597882479325817,BrokeProphet,12706,bad aim on that dude,3:31:46,New member,12706628,UCiv8r8-z76ubhzAs_A4LV_A
1597882479584354,Mr Mando,12706,disrespect airlines calling,3:31:46,New member,12706886,UChhEI9UXGN8Yg3er-fMUdbQ
1597882479879565,R3ZZYY,12707,no,3:31:47,New member,12707182,UCw9v3O3pDYNac5dLpXlECtw
1597882481463039,Killpopkulture,12708,Delete this game,3:31:48,New member,12708801,UC9GgEZH2VZKpVqbNNI-1BfA
1597882481741622,Mason Williams,12709,calm down with the aim son,3:31:49,New member,12709080,UCc_m5-YuTfC4PtQqVoHeDTA
1597882481751575,CoolSilver,12709,Levels are high,3:31:49,New member,12709089,UCkhNm3uyIOucYsHzUfelnWA
1597882482037560,WesleySnipes,12709,:_Giggles:,3:31:49,New member,12709375,UC2Z9A0gnPJS7gfPAv4tmC6g
1597882482090525,Chase Metzger,12709,HAHAHAHAHAHA,3:31:49,New member,12709428,UCpxCpfTczwqk3XLOJuEhJYQ
1597882483350356,OSHY,12710,ALEX,3:31:50,New member,12710688,UCD91GqoV2S5UYt6j1BBAoUw
1597882483751649,Mayo,12711,pew pew pew,3:31:51,New member,12711108,UCf4AcloR8An12RbHD4MdrXg
1597882484565133,Kevin,12711,that aim,3:31:51,New member,12711922,UCTURTyaUx7OsXKA1N2g_itw
1597882485314668,Mason Williams,12712,JESUS,3:31:52,New member,12712671,UCc_m5-YuTfC4PtQqVoHeDTA
1597882486768704,Dan The Body,12714,that aim tho yikes,3:31:54,New member,12714133,UCOv_aPmVv7_oCMH8dxkHt0Q
1597882487516863,ghstbstr,12714,Doc needs some more ice cream. lol,3:31:54,New member,12714882,UCq11f-W0blwuXp7H71N7eqw
1597882488468169,Auston the goat whisperer,12715,roll bruh,3:31:55,New member,12715833,UC_7RlwLis6__xhWyGv5hGqw
1597882490096511,Prism _,12717,This game looks awesome,3:31:57,New member,12717404,UCtf3xFitSiL2IYTpbBF_wzw
1597882490560788,SingStream,12717,pepegaaim,3:31:57,New member,12717868,UCeZrNwx5cVoUFQygjDuiYUA
1597882491259938,CPT Sprinx,12718,What is this game?,3:31:58,New member,12718567,UC2FO3wIQDxgjJzFMKOMsxYA
1597882491437012,OSHY,12718,CHECK THE ROUTER,3:31:58,New member,12718744,UCD91GqoV2S5UYt6j1BBAoUw
1597882491498984,MilkManPictures,12718,That wall is dead,3:31:58,New member,12718806,UCfpogbiscDeabDWaypkbwXQ
1597882492035587,Trenton Bruner,12719,Nooooooooo,3:31:59,New member,12719343,UCIGmk8XwAErHd9gcFYFH2hQ
1597882492742798,marshallbenn33,12720,give em the love,3:32:00,New member,12720054,UCwkCMmIbUZ2AL1-K62HfSqg
1597882492775757,skela_nate,12720,that music tho :_Handshake::_Handshake::_Handshake::_Handshake:,3:32:00,New member,12720087,UCoNsVaOTkXPIAwtaH2ohRNA
1597882493017981,Marcus,12720,nice aim punk,3:32:00,New member,12720329,UCDyk8yGueSy2QSpJ1sOsjxA
1597882493027564,OneBAJeepGuy,12720,Yayaya :_Yaya::_Yaya::_Yaya::_Giggles:,3:32:00,New member,12720339,UCdht6T2Nv5XzkumNoORXl9Q
1597882494590270,Tenekai,12721,"I like the gameflow, but that character movement needs to be worked on",3:32:01,New member,12721902,UCJ1GkxQTkCsgENQXVgwEv9Q
1597882495039012,marshallbenn33,12722,tonight,3:32:02,New member,12722362,UCwkCMmIbUZ2AL1-K62HfSqg
1597882496073991,Lynx Linux,12723,this is fine,3:32:03,New member,12723397,UCcfME6wHEqYPoQwLrbxDosQ
1597882496155598,SmokeThatBro,12723,that never happened,3:32:03,New member,12723479,UCG3OqPwBqkrMSzR_35_X71w
1597882496850946,Dvin Zargarian,12724,NO PRESSURE DOC,3:32:04,New member,12724174,UCbjsVMS9PZ51J6u1FP6z6dA
1597882497399770,Husky Cards,12724,lol this game is all positioning and no gun skill.......borrring,3:32:04,New member,12724700,UCGEw6NUSg55iwWaXLreyn5A
1597882498131472,Dvin Zargarian,12725,â¤,3:32:05,New member,12725432,UCbjsVMS9PZ51J6u1FP6z6dA
1597882500914416,Crypto chacO,12728,Might have to switch your Google prototypes Doc!,3:32:08,New member,12728247,UCptxzoqUlqFWJv30k4Z33VA
1597882502533596,Chris,12729,myyyyy favorite,3:32:09,New member,12729866,UCBJx0Lkrd8CGLNGzTnDCVoA
1597882503342526,Champions Club Mail Carrier,12730,TOO MUCH pressure for my hairy sausage,3:32:10,New member,12730666,UCIjgqpDV3TLfcjlFDDpKNbg
1597882504162729,Killpopkulture,12731,Forward the ports,3:32:11,New member,12731486,UC9GgEZH2VZKpVqbNNI-1BfA
1597882504444337,Citrine Vibes,12731,Doc was just in an action film,3:32:11,New member,12731768,UCBms_GRveTMQUQ0a0wVau0w
1597882505935481,Hipsterghost,12733,yayayayayayayayaya,3:32:13,New member,12733256,UC8irFSYadMGT5Dv9ageK1Gw
1597882506291011,WesleySnipes,12733,doc is greatest,3:32:13,New member,12733612,UC2Z9A0gnPJS7gfPAv4tmC6g
1597882507136386,Nightbot,12734,New Dr Disrespect Merchandise - https://championsclub.gg/,3:32:14,"Verified, Moderator",12734457,UCSvjQBDgYDB5TGVmCZObcwA
1597882507599825,Eatmyturdd,12734,:_Giggles::_Giggles:,3:32:14,New member,12734921,UCheOTjBA7Y9pKT813y8a90A
1597882508494312,Ewan,12735,get em doc,3:32:15,New member,12735841,UCwBMIgDbKytz52ECUPPG-Zg
1597882509235257,Dinowaan,12736,go go Doc ðŸ˜ TakeNRG,3:32:16,New member,12736581,UCIjb7cZK3AIaz3K48ogZM5g
1597882512588270,ooglaboogla555,12739,sick,3:32:19,New member,12739947,UCYo2dpv01E_hzla6NtK1Xrg
1597882516153781,Krombopulos Michael,12743,LETS WAKE UP,3:32:23,New member,12743483,UCG7XkaFPARH6hNM6otEdIPg
1597882517155160,Trenton Bruner,12744,yess,3:32:24,New member,12744484,UCIGmk8XwAErHd9gcFYFH2hQ
1597882517610679,Mayo,12744,rank mode !:_Yaya:,3:32:24,New member,12744939,UCf4AcloR8An12RbHD4MdrXg
1597882518224253,Citrine Vibes,12745,Fly like an eagle,3:32:25,New member,12745567,UCBms_GRveTMQUQ0a0wVau0w
1597882518525676,CPT Sprinx,12745,WHAT IS THIS GAME?,3:32:25,New member,12745868,UC2FO3wIQDxgjJzFMKOMsxYA
1597882520116324,Nicholas Bleker,12747,Cool.,3:32:27,New member,12747459,UCcrsr1qHr1TQsFssucxPSfQ
1597882521178145,John Smith,12748,You got timmy two tenders on the squad doc,3:32:28,New member,12748485,UCo__EHIlONG7NX4eF2woTAg
1597882521735508,Jello Master,12749,Warzone,3:32:29,New member,12749042,UCmAcAF1fwnn9QK7E79QGGnA
1597882526582677,Heath,12753,closed beta,3:32:33,New member,12753878,UCfzufpUbIMt3Y3DvAj0kRJA
1597882526658732,lochnarus,12753,who wears white pants to a gunfight,3:32:33,New member,12753954,UC96-NGEqT9SkAMAUd0tFP4w
1597882527601723,Mason Williams,12754,yes,3:32:34,New member,12754897,UCc_m5-YuTfC4PtQqVoHeDTA
1597882527631626,ShadowWolfLP,12754,"can't wait to see the arena in the game, doc",3:32:34,New member,12754927,UC1TmeowtW5QaL2CwgF5ZU5Q
1597882529435171,Han Dolo,12756,Closed Beta,3:32:36,New member,12756741,UC-ux81u1AGz6y70LnzPyudg
1597882530177675,Mason Williams,12757,open beta,3:32:37,New member,12757484,UCc_m5-YuTfC4PtQqVoHeDTA
1597882531809419,Barrels,12759,paid beta,3:32:39,New member,12759129,UCSzQ-iDi28IiM9k2XVQRQeg
1597882531857135,DmG Fusion,12759,closed beta,3:32:39,New member,12759177,UCmw8oVQiu_WYPHXXg-FOYfg
1597882534991204,kingjappyjoe420,12762,iS THIS Hyperforce?,3:32:42,New member,12762324,UCli7CSJDZHmmQe4Pdk1ZhIg
1597882535229451,Silvertrooper,12762,how do you send donations ?,3:32:42,New member,12762563,UC_QvjTezVoNZm7V6UpjrGvA
1597882535300261,Kraytos X,12762,Better not be a better for $15,3:32:42,New member,12762633,UCE05qGj0Xkv8ISIV0ZAJH9w
1597882535518609,PHILMSTOCK,12762,Wait for the hackers,3:32:42,New member,12762852,UCrPaTQO2eqJDrwvdrGetfsQ
1597882540737399,Mason Williams,12767,closed?,3:32:47,New member,12767992,UCc_m5-YuTfC4PtQqVoHeDTA
1597882542806402,Claytz,12770,BLOOM,3:32:50,New member,12770167,UC-iM1VdbAtq4dtFfBK8AGSA
1597882542969816,DNC STU,12770,every game is open beta these days,3:32:50,New member,12770330,UCJ38dJUgcsWx57JOj1zvSUw
1597882543399686,Killpopkulture,12770,Intense situation lets jump right into the action!,3:32:50,New member,12770760,UC9GgEZH2VZKpVqbNNI-1BfA
1597882543810752,Dvin Zargarian,12771,Get that BETA DATA,3:32:51,New member,12771171,UCbjsVMS9PZ51J6u1FP6z6dA
1597882544290586,chrm421,12771,"Yeah, open (paid)beta",3:32:51,New member,12771651,UCibtaNWsXRa_ROyrRV_WKOg
1597882545185922,Heath,12772,closed beta,3:32:52,New member,12772531,UCfzufpUbIMt3Y3DvAj0kRJA
1597882545952922,Mason Williams,12773,"anyone can play, it's open",3:32:53,New member,12773298,UCc_m5-YuTfC4PtQqVoHeDTA
1597882547816797,Chris,12775,slice em up!!!,3:32:55,New member,12775126,UCBJx0Lkrd8CGLNGzTnDCVoA
1597882552369526,Diiablo,12779,game seems poised for mobile rollout,3:32:59,New member,12779701,UCSvVqPX6FU83TtOCH9cAtAw
1597882555123255,SmokeThatBro,12782,so cod is more about gun skill explain howwhen the guns have no recoil,3:33:02,New member,12782472,UCG3OqPwBqkrMSzR_35_X71w
1597882555918886,Ewan,12783,peak,3:33:03,New member,12783267,UCwBMIgDbKytz52ECUPPG-Zg
1597882557427643,johana,12784,nice.,3:33:04,New member,12784741,UCBjKzbnpTxd40rT9Lmqe9xA
1597882557605939,Nicholas Bleker,12784,This game will be huge when itâ€™s on steam and fully released.,3:33:04,New member,12784919,UCcrsr1qHr1TQsFssucxPSfQ
1597882557911629,ghstbstr,12785,Rogue,3:33:05,New member,12785225,UCq11f-W0blwuXp7H71N7eqw
1597882558289898,Citrine Vibes,12785,DOCWICK,3:33:05,New member,12785603,UCBms_GRveTMQUQ0a0wVau0w
1597882558380356,Feddy,12785,clutch!,3:33:05,New member,12785693,UCExvNRWSgUaYs9lbqXLKDCw
1597882562935848,SANTINI.IO,12790,I never got a notification for todays stream. I wonder why?,3:33:10,New member,12790244,UCOrN_jAondm4l7i-4if7unw
1597882563728702,Tenekai,12791,jebaited,3:33:11,New member,12791036,UCJ1GkxQTkCsgENQXVgwEv9Q
1597882564772266,Champions Club Mail Carrier,12792,EZ PZ,3:33:12,New member,12792080,UCIjgqpDV3TLfcjlFDDpKNbg
1597882566437458,Han Dolo,12793,Cheapest way to play it right now is $15,3:33:13,New member,12793762,UC-ux81u1AGz6y70LnzPyudg
1597882566666253,Mason Williams,12793,closed beta is something that is limited to select few,3:33:13,New member,12793991,UCc_m5-YuTfC4PtQqVoHeDTA
1597882568876032,Dan The Body,12796,It's not a complete game without the ARENA Doc:_Handshake:,3:33:16,New member,12796214,UCOv_aPmVv7_oCMH8dxkHt0Q
1597882569963144,Andrew Alexander,12797,Get up bro :_Giggles:,3:33:17,New member,12797301,UC-nLZcHvH-7VOp9IDeTyKFg
1597882571364434,Andrew Minnich,12798,Do the rest of you realize how awesome we all are? champions club,3:33:18,New member,12798653,UCe0yoyLdlFEheOtWTaVe3Uw
1597882571565283,Mason Williams,12798,this is an open beta,3:33:18,New member,12798854,UCc_m5-YuTfC4PtQqVoHeDTA
1597882572027193,Dollinski,12799,I feel like Strikeout offers more VSM,3:33:19,New member,12799316,UCrcV-fBcBRd6-8t93J5p4Xw
1597882572311222,Feddy,12799,just better,3:33:19,New member,12799600,UCExvNRWSgUaYs9lbqXLKDCw
1597882573266437,Ewan,12800,healed,3:33:20,New member,12800555,UCwBMIgDbKytz52ECUPPG-Zg
1597882573671593,R3ZZYY,12800,l0l,3:33:20,New member,12800794,UCw9v3O3pDYNac5dLpXlECtw
1597882574164360,Nightbot,12801,@cody green -> Sometimes I even amaze myself. [stop spamming symbols] [warning],3:33:21,"Verified, Moderator",12801287,UCSvjQBDgYDB5TGVmCZObcwA
1597882574313882,kingjappyjoe420,12801,I would never play this game if it didnt sponsor Doc lol,3:33:21,New member,12801436,UCli7CSJDZHmmQe4Pdk1ZhIg
1597882574526485,PHILMSTOCK,12801,Iâ€™m watching her flank,3:33:21,New member,12801649,UCrPaTQO2eqJDrwvdrGetfsQ
1597882574603949,Bullfrog,12801,Open beta could really hurt a game if it turns toxic too early :_Giggles:,3:33:21,New member,12801726,UCabui5aQ4lIO5ZzqyXODfmw
1597882576488976,Mayo,12803,bomber,3:33:23,New member,12803636,UCf4AcloR8An12RbHD4MdrXg
1597882577815318,Mr_DeeMsTer,12804,closed beta,3:33:24,New member,12804963,UCue5KO5YFazZMX5GJVZ0QHg
1597882582001550,DmG Fusion,12809,you have to watch twitch to get code drops or pay for the founders edition for access to the beta,3:33:29,New member,12809324,UCmw8oVQiu_WYPHXXg-FOYfg
1597882582137096,Matthew Rogers,12809,ghost doc,3:33:29,New member,12809459,UChR8W_j98eFOsDoU-rA7--A
1597882585875641,Mayo,12813,uh oh,3:33:33,New member,12813189,UCf4AcloR8An12RbHD4MdrXg
1597882586039259,JBL edits,12813,what this game claled?,3:33:33,New member,12813353,UC_csurx8IpEhmMk-61U5TEg
1597882589106133,CPT Sprinx,12816,:_Handshake:,3:33:36,New member,12816428,UC2FO3wIQDxgjJzFMKOMsxYA
1597882596361785,JJ Stevens,12823,character skinds and movement needs a lot of work,3:33:43,New member,12823705,UCLX9JCxs9CoRlnduY6JNi_Q
1597882598754689,JJ Stevens,12826,skins,3:33:46,New member,12826091,UCLX9JCxs9CoRlnduY6JNi_Q
1597882600393552,Mayo,12827,the bomb,3:33:47,New member,12827730,UCf4AcloR8An12RbHD4MdrXg
1597882602055646,Jamies Division,12829,rouge company,3:33:49,New member,12829341,UCk_QDV9LvskyL58XL46M25A
1597882606375545,Clint Choate,12833,:_Yaya::_Yaya::_Yaya:,3:33:53,New member,12833671,UCnZSE5bUjD38nnyBMHVJ5Gg
1597882606595900,ghstbstr,12833,oof,3:33:53,New member,12833892,UCq11f-W0blwuXp7H71N7eqw
1597882608569083,Mayo,12835,go player ?,3:33:55,New member,12835874,UCf4AcloR8An12RbHD4MdrXg
1597882611981556,CPT Sprinx,12839,thank you,3:33:59,New member,12839350,UC2FO3wIQDxgjJzFMKOMsxYA
1597882613646554,kingjappyjoe420,12841,Is this the HyperSpace game or something else?,3:34:01,New member,12841015,UCli7CSJDZHmmQe4Pdk1ZhIg
1597882616451829,xJohnny Ax,12843,Dumb teammates,3:34:03,New member,12843793,UCm5qlrIml98dW_hgNZzhhrw
1597882616828348,Mr_DeeMsTer,12844,at least thats what it says on the website when you go to dl,3:34:04,New member,12844170,UCue5KO5YFazZMX5GJVZ0QHg
1597882617601943,Mayo,12844,oooof,3:34:04,New member,12844944,UCf4AcloR8An12RbHD4MdrXg
1597882618683185,Champions Club Mail Carrier,12845,THIS GUY SUX,3:34:05,New member,12845881,UCIjgqpDV3TLfcjlFDDpKNbg
1597882620543360,Feddy,12847,Regain,3:34:07,New member,12847741,UCExvNRWSgUaYs9lbqXLKDCw
1597882621692146,Kravesin,12849,bro,3:34:09,New member,12849044,UClg1yllSBHBCqxlES8QsNVQ
1597882621987927,Jared,12849,HES THROWING LOL,3:34:09,New member,12849340,UC5uwvvf4gLRWrj2vM8JSrtw
1597882623410625,kingjappyjoe420,12850,oh yeah Rogue Company,3:34:10,New member,12850762,UCli7CSJDZHmmQe4Pdk1ZhIg
1597882623816033,Sicknerazor,12851,Hahahhahaha,3:34:11,New member,12851199,UCthELiRzUW6Ra2TBmCmNgDg
1597882623886431,Trenton Bruner,12851,weak sauce,3:34:11,New member,12851269,UCIGmk8XwAErHd9gcFYFH2hQ
1597882624240124,Jack Robinson,12851,USELESSS,3:34:11,New member,12851623,UCV4rPSUUa5ppvfxtrZ62HEw
1597882624993918,Kilyin74,12852,ouch,3:34:12,New member,12852377,UCFjdgRpubFFGmGxTMUWCVfA
1597882625219917,Jaikob Mullin,12852,??????? lol,3:34:12,New member,12852603,UCsjzOoR5x4ojog_b09oTSeQ
1597882627433076,Diiablo,12854,see stone putting c4 on drone in wz?,3:34:14,New member,12854785,UCSvVqPX6FU83TtOCH9cAtAw
1597882627679640,Heath,12855,closed beta doc,3:34:15,New member,12855032,UCfzufpUbIMt3Y3DvAj0kRJA
1597882628525653,Professor Chaos,12855,NOOBS,3:34:15,New member,12855867,UCHh37BypqNd_UGzPjPHOS_w
1597882629434275,Mayo,12856,almost close ooof,3:34:16,New member,12856776,UCf4AcloR8An12RbHD4MdrXg
1597882630742764,I am a flying horse,12858,that was very unathletic,3:34:18,New member,12858092,UClciQozjrgsb3SyR1A0ZOBA
1597882630902648,Mr Mando,12858,beta? wz then,3:34:18,New member,12858252,UChhEI9UXGN8Yg3er-fMUdbQ
1597882631264333,Mirroz,12858,THIS DUDE IS NERVOUS!!!,3:34:18,New member,12858613,UCT3qtSL3bdpln1NpUXwPcVg
1597882631873569,marshallbenn33,12859,yawn,3:34:19,New member,12859222,UCwkCMmIbUZ2AL1-K62HfSqg
1597882633616859,johana,12860,yikes,3:34:20,New member,12860940,UCBjKzbnpTxd40rT9Lmqe9xA
1597882633812005,PHILMSTOCK,12861,What rhymes with Rogue?,3:34:21,New member,12861135,UCrPaTQO2eqJDrwvdrGetfsQ
1597882635178585,Elloboadj,12862,saint,3:34:22,New member,12862514,UCzIZ8cGTSMsL3f1LAg7FvAA
1597882635226417,Mason Williams,12862,GET HIM OUT,3:34:22,New member,12862562,UCc_m5-YuTfC4PtQqVoHeDTA
1597882637393989,marshallbenn33,12864,eft lets goooo,3:34:24,New member,12864739,UCwkCMmIbUZ2AL1-K62HfSqg
1597882638548875,BrokeProphet,12865,Need a new team,3:34:25,New member,12865894,UCiv8r8-z76ubhzAs_A4LV_A
1597882691821217,Akshay,1597882691,stream down for you guys as well?,"443,856:18:11",New member,1597882691821,UCdPQUPv5dpVo5-4GRSGpbZQ
1597882692014100,Chris Lenga,1597882692,F,"443,856:18:12",New member,1597882692014,UCvJWTzux3T6-nQXa8jRwDGQ
1597882692496728,Ewan,1597882692,Dallasssssssss,"443,856:18:12",New member,1597882692496,UCwBMIgDbKytz52ECUPPG-Zg
1597882692626248,Hipsterghost,1597882692,@DrDisRespect FROZEN,"443,856:18:12",New member,1597882692626,UC8irFSYadMGT5Dv9ageK1Gw
1597882692704697,Kunzopolis,1597882692,F,"443,856:18:12",New member,1597882692704,UCv1pAW4mcv2_6aOd8yk6J0w
1597882692716098,Chris Lenga,1597882692,F,"443,856:18:12",New member,1597882692716,UCvJWTzux3T6-nQXa8jRwDGQ
1597882692720866,Lord Thrashington,1597882692,F,"443,856:18:12",New member,1597882692720,UCSolaq7x3QIdoyiYqiPzYYQ
1597882692839632,Andrew Gendron,1597882692,F,"443,856:18:12",New member,1597882692839,UCOLGUyXV4OpnKDYNELVeeuA
1597882693227255,John Smith,1597882693,Letâ€™s gooo f the team you done better then 4v1,"443,856:18:13",New member,1597882693227,UCo__EHIlONG7NX4eF2woTAg
1597882693386647,Chris Lenga,1597882693,F,"443,856:18:13",New member,1597882693386,UCvJWTzux3T6-nQXa8jRwDGQ
1597882693402245,CPT Sprinx,1597882693,:washhands:,"443,856:18:13",New member,1597882693402,UC2FO3wIQDxgjJzFMKOMsxYA
1597882693466158,PHILMSTOCK,1597882693,Fini,"443,856:18:13",New member,1597882693466,UCrPaTQO2eqJDrwvdrGetfsQ
1597882693554891,OakClif,1597882693,f,"443,856:18:13",New member,1597882693554,UC3lWSv1ng1z3bndGyuu31CA
1597882694570675,CPT Sprinx,1597882694,:washhands:,"443,856:18:14",New member,1597882694570,UC2FO3wIQDxgjJzFMKOMsxYA
1597882694726642,boxxanon,1597882694,F,"443,856:18:14",New member,1597882694726,UCdMZ7EQY-FYYDxPjM6X88Xg
1597882694950443,Four hundredtwenty_,1597882694,f,"443,856:18:14",New member,1597882694950,UCWHKNE2AialdmOthnZLSnsw
1597882695053823,CPT Sprinx,1597882695,:washhands:,"443,856:18:15",New member,1597882695053,UC2FO3wIQDxgjJzFMKOMsxYA
1597882695213957,Onion Head,1597882695,ANOTHER BLACKOUT?,"443,856:18:15",New member,1597882695213,UCQ8xdpjwGge28B92ihJovNw
1597882695359254,Exalted Reaver,1597882695,C'MOM POOTUBE!!!!,"443,856:18:15",New member,1597882695359,UCwcItVm12Xv_wukXxnbQAjA
1597882695439482,Chris Lenga,1597882695,F,"443,856:18:15",New member,1597882695439,UCvJWTzux3T6-nQXa8jRwDGQ
1597882695566692,CPT Sprinx,1597882695,:washhands:,"443,856:18:15",New member,1597882695566,UC2FO3wIQDxgjJzFMKOMsxYA
1597882695594785,Steve M,1597882695,f,"443,856:18:15",New member,1597882695594,UCJ7j1njpoOosAH4yitRpMRQ
1597882695690354,Citrine Vibes,1597882695,LOCKED ON LOCKED,"443,856:18:15",New member,1597882695690,UCBms_GRveTMQUQ0a0wVau0w
1597882695794101,Chris P,1597882695,outage?,"443,856:18:15",New member,1597882695794,UCvJKUXbE6y7ff6uJZ8BBZrA
1597882696229240,Akshay,1597882696,f,"443,856:18:16",New member,1597882696229,UCdPQUPv5dpVo5-4GRSGpbZQ
1597882696491732,Bobby,1597882696,F,"443,856:18:16",New member,1597882696491,UCKqycEZ3hGjk6Ym-znW3Tvg
1597882696670534,IMurDEMISE,1597882696,come on boobtube,"443,856:18:16",New member,1597882696670,UCeMZsKWBAiwp0TdpRLum3lQ
1597882696767622,Chris Lenga,1597882696,F,"443,856:18:16",New member,1597882696767,UCvJWTzux3T6-nQXa8jRwDGQ
1597882696965471,CPT Sprinx,1597882696,:washhands:,"443,856:18:16",New member,1597882696965,UC2FO3wIQDxgjJzFMKOMsxYA
1597882697156934,Ace aka Hitman,1597882697,Alex!!!,"443,856:18:17",New member,1597882697156,UC6-Biwt4_fxXjfISjl9WreA
1597882697158688,McTeetySwag,1597882697,ALEX,"443,856:18:17",New member,1597882697158,UCdslcJwqzz-X-XUNLy3NBnQ
1597882697354449,krewkid82,1597882697,noooooooooooooooooooo not another black out,"443,856:18:17",New member,1597882697354,UC2xJkREhIGe10wAOZMmxIYA
1597882697388268,themachoponcho,1597882697,F :_Handshake::_Handshake::_Handshake:,"443,856:18:17",New member,1597882697388,UCgEjnNSU3P8YcrEq_OWI96Q
1597882697880781,Dinowaan,1597882697,Alex ðŸ˜ ðŸ˜ ,"443,856:18:17",New member,1597882697880,UCIjb7cZK3AIaz3K48ogZM5g
1597882698136754,Dark the WinterKnight,1597882698,ðŸ˜¢,"443,856:18:18",New member,1597882698136,UCy7jZoLssU-dK9l9BpOgWlw
